antecedents,consequents,support,confidence,lift
POPPY'S PLAYHOUSE LIVINGROOM ,POPPY'S PLAYHOUSE BEDROOM ,0.01055176243833916,0.8260869565217391,53.80286771507863
POPPY'S PLAYHOUSE BEDROOM ,POPPY'S PLAYHOUSE LIVINGROOM ,0.01055176243833916,0.6872340425531915,53.802867715078634
POPPY'S PLAYHOUSE LIVINGROOM ,POPPY'S PLAYHOUSE KITCHEN,0.01143379830779785,0.8951406649616368,51.8961191195846
POPPY'S PLAYHOUSE KITCHEN,POPPY'S PLAYHOUSE LIVINGROOM ,0.01143379830779785,0.662878787878788,51.8961191195846
POPPY'S PLAYHOUSE BEDROOM ,POPPY'S PLAYHOUSE KITCHEN,0.013099866061219823,0.8531914893617021,49.46409977433914
POPPY'S PLAYHOUSE KITCHEN,POPPY'S PLAYHOUSE BEDROOM ,0.013099866061219823,0.759469696969697,49.46409977433914
SET/6 RED SPOTTY PAPER CUPS,SET/6 RED SPOTTY PAPER PLATES,0.011009114370651073,0.7747126436781608,46.499468109082706
SET/6 RED SPOTTY PAPER PLATES,SET/6 RED SPOTTY PAPER CUPS,0.011009114370651073,0.6607843137254901,46.499468109082706
"KEY FOB , FRONT  DOOR ","KEY FOB , BACK DOOR ",0.010257750481852929,0.785,42.38030864197531
"KEY FOB , BACK DOOR ","KEY FOB , FRONT  DOOR ",0.010257750481852929,0.5537918871252204,42.380308641975304
WOODEN TREE CHRISTMAS SCANDINAVIAN,WOODEN STAR CHRISTMAS SCANDINAVIAN,0.010878442389990526,0.8043478260869565,40.2976944424678
WOODEN STAR CHRISTMAS SCANDINAVIAN,WOODEN TREE CHRISTMAS SCANDINAVIAN,0.010878442389990526,0.5450081833060556,40.2976944424678
"KEY FOB , GARAGE DESIGN","KEY FOB , SHED",0.010290418477018065,0.7855361596009974,37.165451903471606
"KEY FOB , SHED","KEY FOB , GARAGE DESIGN",0.010290418477018065,0.4868624420401854,37.16545190347161
RED STRIPE CERAMIC DRAWER KNOB,BLUE STRIPE CERAMIC DRAWER KNOB,0.011499134298128124,0.665406427221172,35.60971353787989
BLUE STRIPE CERAMIC DRAWER KNOB,RED STRIPE CERAMIC DRAWER KNOB,0.011499134298128124,0.6153846153846154,35.60971353787989
"KEY FOB , BACK DOOR ","KEY FOB , SHED",0.013459214008036327,0.72663139329806,34.378537218310534
"KEY FOB , SHED","KEY FOB , BACK DOOR ",0.013459214008036327,0.6367851622874806,34.37853721831053
FELTCRAFT PRINCESS LOLA DOLL,FELTCRAFT PRINCESS CHARLOTTE DOLL,0.01133579432230244,0.6425925925925926,34.32879904337147
FELTCRAFT PRINCESS CHARLOTTE DOLL,FELTCRAFT PRINCESS LOLA DOLL,0.01133579432230244,0.6055846422338569,34.32879904337147
"REGENCY CAKESTAND 3 TIER, GREEN REGENCY TEACUP AND SAUCER",PINK REGENCY TEACUP AND SAUCER,0.010290418477018065,0.7159090909090909,33.87124139384572
PINK REGENCY TEACUP AND SAUCER,"REGENCY CAKESTAND 3 TIER, GREEN REGENCY TEACUP AND SAUCER",0.010290418477018065,0.4868624420401854,33.87124139384572
KITCHEN METAL SIGN,"TOILET METAL SIGN, BATHROOM METAL SIGN",0.010094410506027244,0.5942307692307692,33.56088206074368
"TOILET METAL SIGN, BATHROOM METAL SIGN",KITCHEN METAL SIGN,0.010094410506027244,0.570110701107011,33.56088206074368
PINK REGENCY TEACUP AND SAUCER,"ROSES REGENCY TEACUP AND SAUCER , GREEN REGENCY TEACUP AND SAUCER",0.014994609780797752,0.7094281298299845,33.256209008002536
"ROSES REGENCY TEACUP AND SAUCER , GREEN REGENCY TEACUP AND SAUCER",PINK REGENCY TEACUP AND SAUCER,0.014994609780797752,0.7029096477794794,33.256209008002536
"ROSES REGENCY TEACUP AND SAUCER , PINK REGENCY TEACUP AND SAUCER",GREEN REGENCY TEACUP AND SAUCER,0.014994609780797752,0.8895348837209301,33.206771128757794
GREEN REGENCY TEACUP AND SAUCER,"ROSES REGENCY TEACUP AND SAUCER , PINK REGENCY TEACUP AND SAUCER",0.014994609780797752,0.5597560975609756,33.206771128757794
"REGENCY CAKESTAND 3 TIER, PINK REGENCY TEACUP AND SAUCER",GREEN REGENCY TEACUP AND SAUCER,0.010290418477018065,0.8798882681564245,32.84665826406867
GREEN REGENCY TEACUP AND SAUCER,"REGENCY CAKESTAND 3 TIER, PINK REGENCY TEACUP AND SAUCER",0.010290418477018065,0.3841463414634146,32.84665826406867
"KITCHEN METAL SIGN, BATHROOM METAL SIGN",TOILET METAL SIGN,0.010094410506027244,0.7518248175182481,32.7369978507128
TOILET METAL SIGN,"KITCHEN METAL SIGN, BATHROOM METAL SIGN",0.010094410506027244,0.4395448079658606,32.7369978507128
WOODEN STAR CHRISTMAS SCANDINAVIAN,WOODEN HEART CHRISTMAS SCANDINAVIAN,0.014243245891999608,0.7135842880523732,32.21759386662418
WOODEN HEART CHRISTMAS SCANDINAVIAN,WOODEN STAR CHRISTMAS SCANDINAVIAN,0.014243245891999608,0.6430678466076696,32.21759386662418
PINK REGENCY TEACUP AND SAUCER,GREEN REGENCY TEACUP AND SAUCER,0.017640717389173825,0.8346213292117464,31.156821351830207
GREEN REGENCY TEACUP AND SAUCER,PINK REGENCY TEACUP AND SAUCER,0.017640717389173825,0.6585365853658536,31.156821351830203
FELTCRAFT CUSHION RABBIT,FELTCRAFT CUSHION BUTTERFLY,0.013851229950017967,0.6594090202177294,31.149952959698943
FELTCRAFT CUSHION BUTTERFLY,FELTCRAFT CUSHION RABBIT,0.013851229950017967,0.654320987654321,31.149952959698943
"REGENCY CAKESTAND 3 TIER, ROSES REGENCY TEACUP AND SAUCER ",PINK REGENCY TEACUP AND SAUCER,0.010061742510862108,0.6416666666666666,30.358668212261716
PINK REGENCY TEACUP AND SAUCER,"REGENCY CAKESTAND 3 TIER, ROSES REGENCY TEACUP AND SAUCER ",0.010061742510862108,0.47604327666151464,30.35866821226172
"TOILET METAL SIGN, KITCHEN METAL SIGN",BATHROOM METAL SIGN,0.010094410506027244,0.8828571428571428,30.331245791245788
BATHROOM METAL SIGN,"TOILET METAL SIGN, KITCHEN METAL SIGN",0.010094410506027244,0.3468013468013468,30.33124579124579
GARDENERS KNEELING PAD CUP OF TEA ,GARDENERS KNEELING PAD KEEP CALM ,0.014896605795302342,0.7307692307692308,30.31107984156765
GARDENERS KNEELING PAD KEEP CALM ,GARDENERS KNEELING PAD CUP OF TEA ,0.014896605795302342,0.6178861788617886,30.31107984156765
BLUE HAPPY BIRTHDAY BUNTING,PINK HAPPY BIRTHDAY BUNTING,0.012283166182091404,0.6962962962962963,29.6032304526749
PINK HAPPY BIRTHDAY BUNTING,BLUE HAPPY BIRTHDAY BUNTING,0.012283166182091404,0.5222222222222223,29.6032304526749
KITCHEN METAL SIGN,TOILET METAL SIGN,0.01143379830779785,0.6730769230769231,29.308047926468983
TOILET METAL SIGN,KITCHEN METAL SIGN,0.01143379830779785,0.49786628733997157,29.30804792646898
"REGENCY CAKESTAND 3 TIER, PINK REGENCY TEACUP AND SAUCER",ROSES REGENCY TEACUP AND SAUCER ,0.010061742510862108,0.8603351955307262,28.876886699990198
ROSES REGENCY TEACUP AND SAUCER ,"REGENCY CAKESTAND 3 TIER, PINK REGENCY TEACUP AND SAUCER",0.010061742510862108,0.33771929824561403,28.876886699990198
"REGENCY CAKESTAND 3 TIER, ROSES REGENCY TEACUP AND SAUCER ",GREEN REGENCY TEACUP AND SAUCER,0.011989154225605175,0.7645833333333334,28.54226880081301
GREEN REGENCY TEACUP AND SAUCER,"REGENCY CAKESTAND 3 TIER, ROSES REGENCY TEACUP AND SAUCER ",0.011989154225605175,0.4475609756097561,28.54226880081301
"GREEN REGENCY TEACUP AND SAUCER, PINK REGENCY TEACUP AND SAUCER",ROSES REGENCY TEACUP AND SAUCER ,0.014994609780797752,0.85,28.52998903508772
ROSES REGENCY TEACUP AND SAUCER ,"GREEN REGENCY TEACUP AND SAUCER, PINK REGENCY TEACUP AND SAUCER",0.014994609780797752,0.5032894736842105,28.52998903508772
EDWARDIAN PARASOL RED,EDWARDIAN PARASOL BLACK,0.010421090457678613,0.6158301158301158,28.136083098023395
EDWARDIAN PARASOL BLACK,EDWARDIAN PARASOL RED,0.010421090457678613,0.4761194029850746,28.136083098023395
"REGENCY CAKESTAND 3 TIER, GREEN REGENCY TEACUP AND SAUCER",ROSES REGENCY TEACUP AND SAUCER ,0.011989154225605175,0.8340909090909092,27.996005283094103
ROSES REGENCY TEACUP AND SAUCER ,"REGENCY CAKESTAND 3 TIER, GREEN REGENCY TEACUP AND SAUCER",0.011989154225605175,0.40241228070175444,27.996005283094103
CHARLOTTE BAG PINK POLKADOT,RED RETROSPOT CHARLOTTE BAG,0.01104178236581621,0.6719681908548708,27.49948969285889
RED RETROSPOT CHARLOTTE BAG,CHARLOTTE BAG PINK POLKADOT,0.01104178236581621,0.4518716577540107,27.49948969285889
KITCHEN METAL SIGN,BATHROOM METAL SIGN,0.01342654601287119,0.7903846153846154,27.154279979279977
BATHROOM METAL SIGN,KITCHEN METAL SIGN,0.01342654601287119,0.46127946127946123,27.154279979279977
PINK REGENCY TEACUP AND SAUCER,ROSES REGENCY TEACUP AND SAUCER ,0.016856685505210547,0.7975270479134466,26.768750508419426
ROSES REGENCY TEACUP AND SAUCER ,PINK REGENCY TEACUP AND SAUCER,0.016856685505210547,0.5657894736842106,26.768750508419426
GREEN REGENCY TEACUP AND SAUCER,ROSES REGENCY TEACUP AND SAUCER ,0.021332200842834274,0.7963414634146341,26.728956728712024
ROSES REGENCY TEACUP AND SAUCER ,GREEN REGENCY TEACUP AND SAUCER,0.021332200842834274,0.7160087719298246,26.728956728712024
TOILET METAL SIGN,BATHROOM METAL SIGN,0.0177060533795041,0.7709815078236132,26.487671084162315
BATHROOM METAL SIGN,TOILET METAL SIGN,0.0177060533795041,0.6083052749719416,26.487671084162315
FELTCRAFT CUSHION RABBIT,FELTCRAFT CUSHION OWL,0.012871190095063866,0.6127527216174183,25.94325527168851
FELTCRAFT CUSHION OWL,FELTCRAFT CUSHION RABBIT,0.012871190095063866,0.5449515905947442,25.943255271688514
FELTCRAFT DOLL ROSIE,FELTCRAFT DOLL MOLLY,0.010257750481852929,0.511400651465798,25.08731625323645
FELTCRAFT DOLL MOLLY,FELTCRAFT DOLL ROSIE,0.010257750481852929,0.5032051282051282,25.087316253236448
DOLLY GIRL LUNCH BOX,SPACEBOY LUNCH BOX ,0.016039985626082127,0.6494708994708994,25.070559525477556
SPACEBOY LUNCH BOX ,DOLLY GIRL LUNCH BOX,0.016039985626082127,0.6191677175283733,25.07055952547756
FELTCRAFT CUSHION BUTTERFLY,FELTCRAFT CUSHION OWL,0.012348502172421678,0.5833333333333334,24.69767173812817
FELTCRAFT CUSHION OWL,FELTCRAFT CUSHION BUTTERFLY,0.012348502172421678,0.5228215767634855,24.69767173812817
EDWARDIAN PARASOL BLACK,EDWARDIAN PARASOL NATURAL,0.011891150240109765,0.5432835820895522,21.767609595999062
EDWARDIAN PARASOL NATURAL,EDWARDIAN PARASOL BLACK,0.011891150240109765,0.4764397905759163,21.767609595999062
BLUE HARMONICA IN BOX ,RED  HARMONICA IN BOX ,0.010813106399660252,0.48892171344165436,21.289306643189875
RED  HARMONICA IN BOX ,BLUE HARMONICA IN BOX ,0.010813106399660252,0.47083926031294454,21.289306643189875
ALARM CLOCK BAKELIKE IVORY,ALARM CLOCK BAKELIKE RED ,0.012413838162751952,0.6884057971014493,21.178683271429612
ALARM CLOCK BAKELIKE RED ,ALARM CLOCK BAKELIKE IVORY,0.012413838162751952,0.38190954773869346,21.178683271429612
"HAND WARMER SCOTTY DOG DESIGN, HAND WARMER BIRD DESIGN",HAND WARMER OWL DESIGN,0.010094410506027244,0.6836283185840708,20.822434288733326
HAND WARMER OWL DESIGN,"HAND WARMER SCOTTY DOG DESIGN, HAND WARMER BIRD DESIGN",0.010094410506027244,0.3074626865671642,20.822434288733326
ALARM CLOCK BAKELIKE GREEN,ALARM CLOCK BAKELIKE RED ,0.01979680507007285,0.6652030735455544,20.464855562113534
ALARM CLOCK BAKELIKE RED ,ALARM CLOCK BAKELIKE GREEN,0.01979680507007285,0.6090452261306533,20.46485556211353
"HAND WARMER OWL DESIGN, HAND WARMER BIRD DESIGN",HAND WARMER SCOTTY DOG DESIGN,0.010094410506027244,0.6070726915520628,20.376208509978284
HAND WARMER SCOTTY DOG DESIGN,"HAND WARMER OWL DESIGN, HAND WARMER BIRD DESIGN",0.010094410506027244,0.3388157894736842,20.376208509978284
"HAND WARMER SCOTTY DOG DESIGN, HAND WARMER OWL DESIGN",HAND WARMER BIRD DESIGN,0.010094410506027244,0.5819209039548022,20.288360809749943
HAND WARMER BIRD DESIGN,"HAND WARMER SCOTTY DOG DESIGN, HAND WARMER OWL DESIGN",0.010094410506027244,0.35193621867881547,20.288360809749946
ALARM CLOCK BAKELIKE PINK,ALARM CLOCK BAKELIKE RED ,0.01342654601287119,0.6576,20.23094834170854
ALARM CLOCK BAKELIKE RED ,ALARM CLOCK BAKELIKE PINK,0.01342654601287119,0.4130653266331658,20.23094834170854
ALARM CLOCK BAKELIKE IVORY,ALARM CLOCK BAKELIKE GREEN,0.01084577439482539,0.6014492753623188,20.209619943047137
ALARM CLOCK BAKELIKE GREEN,ALARM CLOCK BAKELIKE IVORY,0.01084577439482539,0.36443468715697036,20.209619943047137
HAND WARMER RED RETROSPOT,HAND WARMER UNION JACK,0.010453758452843749,0.4968944099378882,19.601075750784403
HAND WARMER UNION JACK,HAND WARMER RED RETROSPOT,0.010453758452843749,0.4123711340206186,19.601075750784403
ALARM CLOCK BAKELIKE PINK,ALARM CLOCK BAKELIKE GREEN,0.011793146254614355,0.5776,19.40824763995609
ALARM CLOCK BAKELIKE GREEN,ALARM CLOCK BAKELIKE PINK,0.011793146254614355,0.39626783754116357,19.408247639956095
PLASTERS IN TIN STRONGMAN,PLASTERS IN TIN CIRCUS PARADE ,0.010127078501192382,0.4718417047184171,19.105220136422574
PLASTERS IN TIN CIRCUS PARADE ,PLASTERS IN TIN STRONGMAN,0.010127078501192382,0.41005291005291006,19.105220136422574
RED KITCHEN SCALES,IVORY KITCHEN SCALES,0.011597138283623534,0.5599369085173501,19.065882877224254
IVORY KITCHEN SCALES,RED KITCHEN SCALES,0.011597138283623534,0.39488320355951056,19.065882877224254
"LUNCH BAG  BLACK SKULL., LUNCH BAG RED RETROSPOT",LUNCH BAG PINK POLKADOT,0.011270458331972167,0.6084656084656085,18.55153460233142
LUNCH BAG PINK POLKADOT,"LUNCH BAG  BLACK SKULL., LUNCH BAG RED RETROSPOT",0.011270458331972167,0.34362549800796816,18.551534602331415
SET OF 3 BUTTERFLY COOKIE CUTTERS,SET OF 3 HEART COOKIE CUTTERS,0.011597138283623534,0.4965034965034965,18.029025541481058
SET OF 3 HEART COOKIE CUTTERS,SET OF 3 BUTTERFLY COOKIE CUTTERS,0.011597138283623534,0.42111506524317915,18.029025541481058
PLASTERS IN TIN WOODLAND ANIMALS,PLASTERS IN TIN SPACEBOY,0.012217830191761132,0.4980026631158455,17.746635064771997
PLASTERS IN TIN SPACEBOY,PLASTERS IN TIN WOODLAND ANIMALS,0.012217830191761132,0.43538998835855647,17.746635064772
HAND WARMER SCOTTY DOG DESIGN,HAND WARMER OWL DESIGN,0.017346705432687595,0.5822368421052632,17.734181068342497
HAND WARMER OWL DESIGN,HAND WARMER SCOTTY DOG DESIGN,0.017346705432687595,0.5283582089552239,17.7341810683425
HAND WARMER BIRD DESIGN,HAND WARMER OWL DESIGN,0.01662800953905459,0.5797266514806378,17.65772390892916
HAND WARMER OWL DESIGN,HAND WARMER BIRD DESIGN,0.01662800953905459,0.5064676616915423,17.65772390892916
HAND WARMER RED RETROSPOT,HAND WARMER SCOTTY DOG DESIGN,0.010911110385155662,0.5186335403726707,17.407775553012964
HAND WARMER SCOTTY DOG DESIGN,HAND WARMER RED RETROSPOT,0.010911110385155662,0.36622807017543857,17.407775553012964
LUNCH BAG PINK RETROSPOT,LUNCH BAG RED SPOTTY,0.01172781026428408,0.5350223546944859,17.312441120034787
LUNCH BAG RED SPOTTY,LUNCH BAG PINK RETROSPOT,0.01172781026428408,0.37949260042283295,17.312441120034784
HAND WARMER BIRD DESIGN,HAND WARMER SCOTTY DOG DESIGN,0.014765933814641795,0.5148063781321185,17.27931802741478
HAND WARMER SCOTTY DOG DESIGN,HAND WARMER BIRD DESIGN,0.014765933814641795,0.49561403508771934,17.27931802741478
PLASTERS IN TIN CIRCUS PARADE ,PLASTERS IN TIN SPACEBOY,0.011793146254614355,0.47751322751322756,17.016481265899195
PLASTERS IN TIN SPACEBOY,PLASTERS IN TIN CIRCUS PARADE ,0.011793146254614355,0.420256111757858,17.016481265899195
HAND WARMER RED RETROSPOT,HAND WARMER OWL DESIGN,0.011564470288458398,0.5496894409937888,16.742829331602856
HAND WARMER OWL DESIGN,HAND WARMER RED RETROSPOT,0.011564470288458398,0.3522388059701493,16.742829331602856
PLASTERS IN TIN WOODLAND ANIMALS,PLASTERS IN TIN SKULLS,0.010617098428669432,0.4327563249001331,16.72614123929037
PLASTERS IN TIN SKULLS,PLASTERS IN TIN WOODLAND ANIMALS,0.010617098428669432,0.4103535353535353,16.72614123929037
RED RETROSPOT CHARLOTTE BAG,CHARLOTTE BAG SUKI DESIGN,0.010617098428669432,0.43449197860962563,16.319305468980673
CHARLOTTE BAG SUKI DESIGN,RED RETROSPOT CHARLOTTE BAG,0.010617098428669432,0.3987730061349693,16.319305468980676
WOODLAND CHARLOTTE BAG,STRAWBERRY CHARLOTTE BAG,0.011270458331972167,0.46558704453441296,16.250952132546086
STRAWBERRY CHARLOTTE BAG,WOODLAND CHARLOTTE BAG,0.011270458331972167,0.39338654503990883,16.250952132546086
SINGLE HEART ZINC T-LIGHT HOLDER,HANGING HEART ZINC T-LIGHT HOLDER,0.014112573911339061,0.5661861074705111,16.197684986710108
HANGING HEART ZINC T-LIGHT HOLDER,SINGLE HEART ZINC T-LIGHT HOLDER,0.014112573911339061,0.40373831775700936,16.197684986710108
LUNCH BAG APPLE DESIGN,LUNCH BAG SUKI DESIGN ,0.010682434418999706,0.440107671601615,16.173032335410607
LUNCH BAG SUKI DESIGN ,LUNCH BAG APPLE DESIGN,0.010682434418999706,0.39255702280912363,16.17303233541061
WOODLAND CHARLOTTE BAG,CHARLOTTE BAG SUKI DESIGN,0.010388422462513475,0.4291497975708502,16.118655771093614
CHARLOTTE BAG SUKI DESIGN,WOODLAND CHARLOTTE BAG,0.010388422462513475,0.39018404907975457,16.118655771093614
"LUNCH BAG  BLACK SKULL., LUNCH BAG PINK POLKADOT",LUNCH BAG RED RETROSPOT,0.011270458331972167,0.6634615384615385,15.258618447668036
LUNCH BAG RED RETROSPOT,"LUNCH BAG  BLACK SKULL., LUNCH BAG PINK POLKADOT",0.011270458331972167,0.25920360631104433,15.258618447668034
PINK BLUE FELT CRAFT TRINKET BOX,PINK CREAM FELT CRAFT TRINKET BOX ,0.01760804939400869,0.5795698924731183,15.228509852785084
PINK CREAM FELT CRAFT TRINKET BOX ,PINK BLUE FELT CRAFT TRINKET BOX,0.01760804939400869,0.46266094420600856,15.228509852785084
HAND WARMER UNION JACK,HAND WARMER OWL DESIGN,0.012544510143412499,0.4948453608247423,15.072349592244962
HAND WARMER OWL DESIGN,HAND WARMER UNION JACK,0.012544510143412499,0.382089552238806,15.072349592244962
PLASTERS IN TIN WOODLAND ANIMALS,PLASTERS IN TIN VINTAGE PAISLEY ,0.010257750481852929,0.4181091877496671,15.021995711508286
PLASTERS IN TIN VINTAGE PAISLEY ,PLASTERS IN TIN WOODLAND ANIMALS,0.010257750481852929,0.3685446009389671,15.021995711508286
WOOD S/3 CABINET ANT WHITE FINISH,WOOD 2 DRAWER CABINET WHITE FINISH,0.015843977655091306,0.500515995872033,15.020877597685098
WOOD 2 DRAWER CABINET WHITE FINISH,WOOD S/3 CABINET ANT WHITE FINISH,0.015843977655091306,0.4754901960784313,15.0208775976851
"WOOD 2 DRAWER CABINET WHITE FINISH, WOODEN FRAME ANTIQUE WHITE ",WOODEN PICTURE FRAME WHITE FINISH,0.011401130312632714,0.7755555555555556,14.875019493177387
WOODEN PICTURE FRAME WHITE FINISH,"WOOD 2 DRAWER CABINET WHITE FINISH, WOODEN FRAME ANTIQUE WHITE ",0.011401130312632714,0.218671679197995,14.875019493177387
RED RETROSPOT CHARLOTTE BAG,STRAWBERRY CHARLOTTE BAG,0.010323086472183203,0.42245989304812837,14.745632595320705
STRAWBERRY CHARLOTTE BAG,RED RETROSPOT CHARLOTTE BAG,0.010323086472183203,0.3603192702394527,14.745632595320703
PLASTERS IN TIN SKULLS,PLASTERS IN TIN SPACEBOY,0.01064976642383457,0.4116161616161616,14.668198280829246
PLASTERS IN TIN SPACEBOY,PLASTERS IN TIN SKULLS,0.01064976642383457,0.37951105937136204,14.668198280829246
HAND WARMER UNION JACK,HAND WARMER SCOTTY DOG DESIGN,0.011074450360981347,0.4368556701030928,14.662926444655454
HAND WARMER SCOTTY DOG DESIGN,HAND WARMER UNION JACK,0.011074450360981347,0.3717105263157895,14.662926444655454
"WOOD 2 DRAWER CABINET WHITE FINISH, WOODEN PICTURE FRAME WHITE FINISH",WOODEN FRAME ANTIQUE WHITE ,0.011401130312632714,0.7895927601809954,14.16777490146568
WOODEN FRAME ANTIQUE WHITE ,"WOOD 2 DRAWER CABINET WHITE FINISH, WOODEN PICTURE FRAME WHITE FINISH",0.011401130312632714,0.20457209847596716,14.16777490146568
CHARLOTTE BAG SUKI DESIGN,STRAWBERRY CHARLOTTE BAG,0.010715102414164842,0.4024539877300613,14.047342096242767
STRAWBERRY CHARLOTTE BAG,CHARLOTTE BAG SUKI DESIGN,0.010715102414164842,0.37400228050171036,14.047342096242767
HAND WARMER UNION JACK,HAND WARMER BIRD DESIGN,0.010094410506027244,0.39819587628865977,13.882886069558273
HAND WARMER BIRD DESIGN,HAND WARMER UNION JACK,0.010094410506027244,0.35193621867881547,13.882886069558275
PACK OF 60 SPACEBOY CAKE CASES,PACK OF 60 DINOSAUR CAKE CASES,0.01113978635131162,0.45466666666666666,13.848558540630183
PACK OF 60 DINOSAUR CAKE CASES,PACK OF 60 SPACEBOY CAKE CASES,0.01113978635131162,0.33930348258706466,13.848558540630183
PLASTERS IN TIN VINTAGE PAISLEY ,PLASTERS IN TIN SPACEBOY,0.010780438404495116,0.3873239436619718,13.802529964419811
PLASTERS IN TIN SPACEBOY,PLASTERS IN TIN VINTAGE PAISLEY ,0.010780438404495116,0.3841676367869616,13.802529964419813
HOT WATER BOTTLE I AM SO POORLY,CHOCOLATE HOT WATER BOTTLE,0.014961941785632616,0.5971316818774446,13.322739004337068
CHOCOLATE HOT WATER BOTTLE,HOT WATER BOTTLE I AM SO POORLY,0.014961941785632616,0.3338192419825073,13.322739004337068
VINTAGE HEADS AND TAILS CARD GAME ,VINTAGE SNAP CARDS,0.018065401326320604,0.5946236559139785,13.094981820994816
VINTAGE SNAP CARDS,VINTAGE HEADS AND TAILS CARD GAME ,0.018065401326320604,0.39784172661870504,13.094981820994818
BAKING SET SPACEBOY DESIGN,BAKING SET 9 PIECE RETROSPOT ,0.014014569925843651,0.5900962861072903,13.079969162947329
BAKING SET 9 PIECE RETROSPOT ,BAKING SET SPACEBOY DESIGN,0.014014569925843651,0.31064446053584355,13.079969162947327
SWEETHEART CERAMIC TRINKET BOX,STRAWBERRY CERAMIC TRINKET BOX,0.02456633236418281,0.6899082568807339,12.85379284928554
STRAWBERRY CERAMIC TRINKET BOX,SWEETHEART CERAMIC TRINKET BOX,0.02456633236418281,0.45769933049300054,12.85379284928554
LUNCH BAG PINK POLKADOT,LUNCH BAG RED RETROSPOT,0.01829407729247656,0.5577689243027888,12.827847138867519
LUNCH BAG RED RETROSPOT,LUNCH BAG PINK POLKADOT,0.01829407729247656,0.42073628850488354,12.82784713886752
JUMBO BAG SCANDINAVIAN PAISLEY,JUMBO BAG PINK VINTAGE PAISLEY,0.010225082486687792,0.466467958271237,12.771959454956024
JUMBO BAG PINK VINTAGE PAISLEY,JUMBO BAG SCANDINAVIAN PAISLEY,0.010225082486687792,0.27996422182468694,12.771959454956024
"LUNCH BAG CARS BLUE, LUNCH BAG SPACEBOY DESIGN ",LUNCH BAG WOODLAND,0.011368462317467578,0.5395348837209303,12.474095412070541
LUNCH BAG WOODLAND,"LUNCH BAG CARS BLUE, LUNCH BAG SPACEBOY DESIGN ",0.011368462317467578,0.2628398791540786,12.474095412070541
"WHITE HANGING HEART T-LIGHT HOLDER, WOODEN FRAME ANTIQUE WHITE ",WOODEN PICTURE FRAME WHITE FINISH,0.01381856195485283,0.6477794793261868,12.424296767953575
WOODEN PICTURE FRAME WHITE FINISH,"WHITE HANGING HEART T-LIGHT HOLDER, WOODEN FRAME ANTIQUE WHITE ",0.01381856195485283,0.2650375939849624,12.424296767953576
LUNCH BAG SUKI DESIGN ,LUNCH BAG PINK POLKADOT,0.01084577439482539,0.3985594237695078,12.15169573805618
LUNCH BAG PINK POLKADOT,LUNCH BAG SUKI DESIGN ,0.01084577439482539,0.3306772908366534,12.15169573805618
"LUNCH BAG  BLACK SKULL., LUNCH BAG CARS BLUE",LUNCH BAG WOODLAND,0.011793146254614355,0.5127840909090909,11.85561465771766
LUNCH BAG WOODLAND,"LUNCH BAG  BLACK SKULL., LUNCH BAG CARS BLUE",0.011793146254614355,0.27265861027190336,11.85561465771766
"WHITE HANGING HEART T-LIGHT HOLDER, WOODEN PICTURE FRAME WHITE FINISH",WOODEN FRAME ANTIQUE WHITE ,0.01381856195485283,0.6477794793261868,11.623199086549768
WOODEN FRAME ANTIQUE WHITE ,"WHITE HANGING HEART T-LIGHT HOLDER, WOODEN PICTURE FRAME WHITE FINISH",0.01381856195485283,0.24794841735052753,11.623199086549768
PACK OF 60 DINOSAUR CAKE CASES,PACK OF 72 SKULL CAKE CASES,0.01283852209989873,0.391044776119403,11.532053604808329
PACK OF 72 SKULL CAKE CASES,PACK OF 60 DINOSAUR CAKE CASES,0.01283852209989873,0.3786127167630058,11.532053604808329
FELTCRAFT BUTTERFLY HEARTS,FELTCRAFT 6 FLOWER FRIENDS,0.013491882003201464,0.4209989806320082,11.506428389398575
FELTCRAFT 6 FLOWER FRIENDS,FELTCRAFT BUTTERFLY HEARTS,0.013491882003201464,0.36875,11.506428389398575
"LUNCH BAG  BLACK SKULL., LUNCH BAG SPACEBOY DESIGN ",LUNCH BAG WOODLAND,0.01162980627878867,0.489010989010989,11.305978387171741
LUNCH BAG WOODLAND,"LUNCH BAG  BLACK SKULL., LUNCH BAG SPACEBOY DESIGN ",0.01162980627878867,0.2688821752265861,11.30597838717174
LUNCH BAG SUKI DESIGN ,LUNCH BAG RED RETROSPOT,0.01332854202737578,0.48979591836734687,11.264570140603198
LUNCH BAG RED RETROSPOT,LUNCH BAG SUKI DESIGN ,0.01332854202737578,0.3065364387678437,11.264570140603198
PACK OF 60 DINOSAUR CAKE CASES,72 SWEETHEART FAIRY CAKE CASES,0.01264251412890791,0.3850746268656717,11.194225453926947
72 SWEETHEART FAIRY CAKE CASES,PACK OF 60 DINOSAUR CAKE CASES,0.01264251412890791,0.36752136752136755,11.194225453926947
COOK WITH WINE METAL SIGN ,GIN + TONIC DIET METAL SIGN,0.017934729345660056,0.4820017559262511,11.0853161161972
GIN + TONIC DIET METAL SIGN,COOK WITH WINE METAL SIGN ,0.017934729345660056,0.4124718256949662,11.0853161161972
CHOCOLATE THIS WAY METAL SIGN,HAND OVER THE CHOCOLATE   SIGN ,0.011074450360981347,0.45503355704697984,11.054787472035795
HAND OVER THE CHOCOLATE   SIGN ,CHOCOLATE THIS WAY METAL SIGN,0.011074450360981347,0.2690476190476191,11.054787472035796
"LUNCH BAG  BLACK SKULL., LUNCH BAG WOODLAND",LUNCH BAG CARS BLUE,0.011793146254614355,0.579454253611557,10.922213151048874
LUNCH BAG CARS BLUE,"LUNCH BAG  BLACK SKULL., LUNCH BAG WOODLAND",0.011793146254614355,0.22229064039408866,10.922213151048872
"HEART OF WICKER SMALL, WHITE HANGING HEART T-LIGHT HOLDER",HEART OF WICKER LARGE,0.0109437783803208,0.6090909090909091,10.877994059615999
HEART OF WICKER LARGE,"HEART OF WICKER SMALL, WHITE HANGING HEART T-LIGHT HOLDER",0.0109437783803208,0.19544924154025672,10.877994059615997
"WOODEN PICTURE FRAME WHITE FINISH, WOODEN FRAME ANTIQUE WHITE ",WOOD 2 DRAWER CABINET WHITE FINISH,0.011401130312632714,0.3616580310880829,10.853641166311084
WOOD 2 DRAWER CABINET WHITE FINISH,"WOODEN PICTURE FRAME WHITE FINISH, WOODEN FRAME ANTIQUE WHITE ",0.011401130312632714,0.342156862745098,10.853641166311082
HOT WATER BOTTLE TEA AND SYMPATHY,CHOCOLATE HOT WATER BOTTLE,0.019241449152265524,0.486374896779521,10.851619508249211
CHOCOLATE HOT WATER BOTTLE,HOT WATER BOTTLE TEA AND SYMPATHY,0.019241449152265524,0.42930029154518945,10.851619508249211
WOODEN PICTURE FRAME WHITE FINISH,WOODEN FRAME ANTIQUE WHITE ,0.03152461533435693,0.6046365914786967,10.849080129984985
WOODEN FRAME ANTIQUE WHITE ,WOODEN PICTURE FRAME WHITE FINISH,0.03152461533435693,0.5656506447831183,10.849080129984984
LUNCH BAG RED SPOTTY,LUNCH BAG SUKI  DESIGN ,0.010486426448008885,0.33932346723044393,10.697250932431636
LUNCH BAG SUKI  DESIGN ,LUNCH BAG RED SPOTTY,0.010486426448008885,0.33058702368692067,10.697250932431636
LUNCH BAG DOLLY GIRL DESIGN,LUNCH BAG SPACEBOY DESIGN ,0.014569925843650975,0.5837696335078534,10.681274507656246
LUNCH BAG SPACEBOY DESIGN ,LUNCH BAG DOLLY GIRL DESIGN,0.014569925843650975,0.2665869695158398,10.681274507656248
PAPER CHAIN KIT VINTAGE CHRISTMAS,PAPER CHAIN KIT 50'S CHRISTMAS ,0.02149554081865996,0.5614334470989761,10.674558539842707
PAPER CHAIN KIT 50'S CHRISTMAS ,PAPER CHAIN KIT VINTAGE CHRISTMAS,0.02149554081865996,0.40869565217391307,10.674558539842709
HOT WATER BOTTLE I AM SO POORLY,HOT WATER BOTTLE TEA AND SYMPATHY,0.01055176243833916,0.42112125162972625,10.644874181368744
HOT WATER BOTTLE TEA AND SYMPATHY,HOT WATER BOTTLE I AM SO POORLY,0.01055176243833916,0.2667217175887696,10.644874181368744
"LUNCH BAG WOODLAND, LUNCH BAG SPACEBOY DESIGN ",LUNCH BAG CARS BLUE,0.011368462317467578,0.5559105431309904,10.478434504792332
LUNCH BAG CARS BLUE,"LUNCH BAG WOODLAND, LUNCH BAG SPACEBOY DESIGN ",0.011368462317467578,0.2142857142857143,10.478434504792332
"LUNCH BAG  BLACK SKULL., LUNCH BAG WOODLAND",LUNCH BAG SPACEBOY DESIGN ,0.01162980627878867,0.5714285714285714,10.455469216975493
LUNCH BAG SPACEBOY DESIGN ,"LUNCH BAG  BLACK SKULL., LUNCH BAG WOODLAND",0.01162980627878867,0.2127913927077107,10.455469216975493
"LUNCH BAG WOODLAND, LUNCH BAG CARS BLUE",LUNCH BAG SPACEBOY DESIGN ,0.011368462317467578,0.5676998368678631,10.387244295494416
LUNCH BAG SPACEBOY DESIGN ,"LUNCH BAG WOODLAND, LUNCH BAG CARS BLUE",0.011368462317467578,0.20800956365809925,10.387244295494416
LUNCH BAG APPLE DESIGN,LUNCH BAG RED RETROSPOT,0.01084577439482539,0.4468371467025572,10.276582943434995
LUNCH BAG RED RETROSPOT,LUNCH BAG APPLE DESIGN,0.01084577439482539,0.24943651389932384,10.276582943434995
COOK WITH WINE METAL SIGN ,HAND OVER THE CHOCOLATE   SIGN ,0.015647969684100486,0.4205443371378402,10.216891035020973
HAND OVER THE CHOCOLATE   SIGN ,COOK WITH WINE METAL SIGN ,0.015647969684100486,0.38015873015873014,10.216891035020973
PACK OF 60 DINOSAUR CAKE CASES,60 TEATIME FAIRY CAKE CASES,0.01698735748587109,0.5174129353233831,10.037089583766843
60 TEATIME FAIRY CAKE CASES,PACK OF 60 DINOSAUR CAKE CASES,0.01698735748587109,0.329531051964512,10.037089583766843
"LUNCH BAG RED RETROSPOT, LUNCH BAG PINK POLKADOT",LUNCH BAG  BLACK SKULL.,0.011270458331972167,0.6160714285714286,9.962262282091917
LUNCH BAG  BLACK SKULL.,"LUNCH BAG RED RETROSPOT, LUNCH BAG PINK POLKADOT",0.011270458331972167,0.18225039619651348,9.962262282091919
RETROSPOT HEART HOT WATER BOTTLE,SCOTTIE DOG HOT WATER BOTTLE,0.010486426448008885,0.4314516129032258,9.647308489832465
SCOTTIE DOG HOT WATER BOTTLE,RETROSPOT HEART HOT WATER BOTTLE,0.010486426448008885,0.23447772096420744,9.647308489832465
PACK OF 60 DINOSAUR CAKE CASES,PACK OF 60 PINK PAISLEY CAKE CASES,0.014406585867825292,0.43880597014925377,9.615096315131572
PACK OF 60 PINK PAISLEY CAKE CASES,PACK OF 60 DINOSAUR CAKE CASES,0.014406585867825292,0.31567644953471724,9.615096315131572
"LUNCH BAG WOODLAND, LUNCH BAG CARS BLUE",LUNCH BAG  BLACK SKULL.,0.011793146254614355,0.5889070146818923,9.522996633083679
LUNCH BAG  BLACK SKULL.,"LUNCH BAG WOODLAND, LUNCH BAG CARS BLUE",0.011793146254614355,0.19070258848388802,9.52299663308368
NO SINGING METAL SIGN,HAND OVER THE CHOCOLATE   SIGN ,0.011923818235274901,0.38995726495726496,9.473795109211776
HAND OVER THE CHOCOLATE   SIGN ,NO SINGING METAL SIGN,0.011923818235274901,0.2896825396825397,9.473795109211776
LUNCH BAG DOLLY GIRL DESIGN,LUNCH BAG RED RETROSPOT,0.010257750481852929,0.4109947643979058,9.452262008252662
LUNCH BAG RED RETROSPOT,LUNCH BAG DOLLY GIRL DESIGN,0.010257750481852929,0.23591284748309543,9.452262008252664
72 SWEETHEART FAIRY CAKE CASES,60 TEATIME FAIRY CAKE CASES,0.016758681519715136,0.4871794871794872,9.450602840336682
60 TEATIME FAIRY CAKE CASES,72 SWEETHEART FAIRY CAKE CASES,0.016758681519715136,0.32509505703422054,9.45060284033668
COOK WITH WINE METAL SIGN ,PLEASE ONE PERSON METAL SIGN,0.015190617751788572,0.40825285338015804,9.445977395933497
PLEASE ONE PERSON METAL SIGN,COOK WITH WINE METAL SIGN ,0.015190617751788572,0.3514739229024943,9.445977395933497
"WHITE HANGING HEART T-LIGHT HOLDER, HEART OF WICKER LARGE",HEART OF WICKER SMALL,0.0109437783803208,0.5226209048361934,9.30654364045417
HEART OF WICKER SMALL,"WHITE HANGING HEART T-LIGHT HOLDER, HEART OF WICKER LARGE",0.0109437783803208,0.19488074461896454,9.306543640454171
"LUNCH BAG  BLACK SKULL., LUNCH BAG CARS BLUE",LUNCH BAG SPACEBOY DESIGN ,0.01162980627878867,0.5056818181818181,9.252496196272347
LUNCH BAG SPACEBOY DESIGN ,"LUNCH BAG  BLACK SKULL., LUNCH BAG CARS BLUE",0.01162980627878867,0.2127913927077107,9.252496196272347
LOVE BUILDING BLOCK WORD,HOME BUILDING BLOCK WORD,0.024893012315834177,0.5306406685236769,9.229228127374018
HOME BUILDING BLOCK WORD,LOVE BUILDING BLOCK WORD,0.024893012315834177,0.4329545454545455,9.22922812737402
"LUNCH BAG  BLACK SKULL., LUNCH BAG SPACEBOY DESIGN ",LUNCH BAG CARS BLUE,0.01162980627878867,0.489010989010989,9.21743558165972
LUNCH BAG CARS BLUE,"LUNCH BAG  BLACK SKULL., LUNCH BAG SPACEBOY DESIGN ",0.01162980627878867,0.2192118226600985,9.217435581659718
PACK OF 60 SPACEBOY CAKE CASES,60 TEATIME FAIRY CAKE CASES,0.01162980627878867,0.4746666666666667,9.207871567384876
60 TEATIME FAIRY CAKE CASES,PACK OF 60 SPACEBOY CAKE CASES,0.01162980627878867,0.2256020278833967,9.207871567384876
"LUNCH BAG WOODLAND, LUNCH BAG SPACEBOY DESIGN ",LUNCH BAG  BLACK SKULL.,0.01162980627878867,0.5686900958466453,9.19607634651963
LUNCH BAG  BLACK SKULL.,"LUNCH BAG WOODLAND, LUNCH BAG SPACEBOY DESIGN ",0.01162980627878867,0.18806127839408346,9.19607634651963
HAND OVER THE CHOCOLATE   SIGN ,GIN + TONIC DIET METAL SIGN,0.01639933357289863,0.3984126984126984,9.162893396777694
GIN + TONIC DIET METAL SIGN,HAND OVER THE CHOCOLATE   SIGN ,0.01639933357289863,0.377160030052592,9.162893396777694
JUMBO BAG SPACEBOY DESIGN,JUMBO STORAGE BAG SUKI,0.013361210022540917,0.477803738317757,9.112803883890878
JUMBO STORAGE BAG SUKI,JUMBO BAG SPACEBOY DESIGN,0.013361210022540917,0.25482866043613706,9.112803883890878
PACK OF 60 PINK PAISLEY CAKE CASES,60 TEATIME FAIRY CAKE CASES,0.02136486883799941,0.4681460272011453,9.08138025263261
60 TEATIME FAIRY CAKE CASES,PACK OF 60 PINK PAISLEY CAKE CASES,0.02136486883799941,0.4144486692015209,9.08138025263261
PAINTED METAL PEARS ASSORTED,ASSORTED COLOUR BIRD ORNAMENT,0.016235993597072947,0.7341211225997046,9.039493839058553
ASSORTED COLOUR BIRD ORNAMENT,PAINTED METAL PEARS ASSORTED,0.016235993597072947,0.1999195494770716,9.03949383905855
JUMBO STORAGE BAG SKULLS,JUMBO STORAGE BAG SUKI,0.014765933814641795,0.47230929989550685,9.008012448038231
JUMBO STORAGE BAG SUKI,JUMBO STORAGE BAG SKULLS,0.014765933814641795,0.28161993769470406,9.008012448038231
NO SINGING METAL SIGN,GIN + TONIC DIET METAL SIGN,0.011956486230440037,0.391025641025641,8.993002176886474
GIN + TONIC DIET METAL SIGN,NO SINGING METAL SIGN,0.011956486230440037,0.2749812171299775,8.993002176886476
"LUNCH BAG CARS BLUE, LUNCH BAG SPACEBOY DESIGN ",LUNCH BAG  BLACK SKULL.,0.01162980627878867,0.5519379844961241,8.925184175071767
LUNCH BAG  BLACK SKULL.,"LUNCH BAG CARS BLUE, LUNCH BAG SPACEBOY DESIGN ",0.01162980627878867,0.18806127839408346,8.925184175071767
HEART OF WICKER LARGE,HEART OF WICKER SMALL,0.027898467871026754,0.4982497082847141,8.872554869286436
HEART OF WICKER SMALL,HEART OF WICKER LARGE,0.027898467871026754,0.49680046538685285,8.872554869286438
LADIES & GENTLEMEN METAL SIGN,PLEASE ONE PERSON METAL SIGN,0.010682434418999706,0.38335287221570924,8.869852434916911
PLEASE ONE PERSON METAL SIGN,LADIES & GENTLEMEN METAL SIGN,0.010682434418999706,0.24716553287981857,8.869852434916911
72 SWEETHEART FAIRY CAKE CASES,PACK OF 60 PINK PAISLEY CAKE CASES,0.01391656594034824,0.4045584045584045,8.86466522686995
PACK OF 60 PINK PAISLEY CAKE CASES,72 SWEETHEART FAIRY CAKE CASES,0.01391656594034824,0.3049391553328561,8.86466522686995
WOODEN BOX OF DOMINOES,VINTAGE SNAP CARDS,0.010257750481852929,0.39847715736040606,8.775384362560713
VINTAGE SNAP CARDS,WOODEN BOX OF DOMINOES,0.010257750481852929,0.22589928057553957,8.775384362560713
LUNCH BAG WOODLAND,LUNCH BAG CARS BLUE,0.020025481036228806,0.46299093655589124,8.726980023960829
LUNCH BAG CARS BLUE,LUNCH BAG WOODLAND,0.020025481036228806,0.3774630541871921,8.726980023960829
WICKER STAR ,HEART OF WICKER LARGE,0.01113978635131162,0.48714285714285716,8.700075845974329
HEART OF WICKER LARGE,WICKER STAR ,0.01113978635131162,0.19894982497082847,8.700075845974329
JUMBO BAG OWLS,JUMBO STORAGE BAG SUKI,0.012413838162751952,0.4556354916067147,8.690005005341522
JUMBO STORAGE BAG SUKI,JUMBO BAG OWLS,0.012413838162751952,0.23676012461059193,8.690005005341522
LUNCH BAG SUKI  DESIGN ,LUNCH BAG SPACEBOY DESIGN ,0.015059945771128026,0.47476828012358396,8.686868991549927
LUNCH BAG SPACEBOY DESIGN ,LUNCH BAG SUKI  DESIGN ,0.015059945771128026,0.2755528989838613,8.686868991549927
LUNCH BAG WOODLAND,LUNCH BAG SPACEBOY DESIGN ,0.020450164973375585,0.47280966767371607,8.651032120239165
LUNCH BAG SPACEBOY DESIGN ,LUNCH BAG WOODLAND,0.020450164973375585,0.3741781231320981,8.651032120239165
LUNCH BAG PINK POLKADOT,LUNCH BAG CARS BLUE,0.014994609780797752,0.4571713147410359,8.617285169666163
LUNCH BAG CARS BLUE,LUNCH BAG PINK POLKADOT,0.014994609780797752,0.28263546798029554,8.617285169666163
LUNCH BAG PINK POLKADOT,LUNCH BAG  BLACK SKULL.,0.01698735748587109,0.5179282868525896,8.37522598459832
LUNCH BAG  BLACK SKULL.,LUNCH BAG PINK POLKADOT,0.01698735748587109,0.27469624933967246,8.375225984598321
LUNCH BAG DOLLY GIRL DESIGN,LUNCH BAG CARS BLUE,0.011009114370651073,0.4410994764397906,8.314344872720708
LUNCH BAG CARS BLUE,LUNCH BAG DOLLY GIRL DESIGN,0.011009114370651073,0.20751231527093594,8.314344872720707
WOOD 2 DRAWER CABINET WHITE FINISH,WOODEN PICTURE FRAME WHITE FINISH,0.014439253862990428,0.4333333333333333,8.311257309941519
WOODEN PICTURE FRAME WHITE FINISH,WOOD 2 DRAWER CABINET WHITE FINISH,0.014439253862990428,0.27694235588972427,8.311257309941519
PACK OF 72 RETRO SPOT CAKE CASES,60 TEATIME FAIRY CAKE CASES,0.01381856195485283,0.4268415741675075,8.280131449202518
60 TEATIME FAIRY CAKE CASES,PACK OF 72 RETRO SPOT CAKE CASES,0.01381856195485283,0.2680608365019011,8.280131449202516
LUNCH BAG SUKI DESIGN ,LUNCH BAG CARS BLUE,0.011858482244944627,0.43577430972388953,8.213970070786935
LUNCH BAG CARS BLUE,LUNCH BAG SUKI DESIGN ,0.011858482244944627,0.22352216748768472,8.213970070786935
PLEASE ONE PERSON METAL SIGN,GIN + TONIC DIET METAL SIGN,0.015386625722779393,0.35600907029478457,8.18767366701251
GIN + TONIC DIET METAL SIGN,PLEASE ONE PERSON METAL SIGN,0.015386625722779393,0.3538692712246431,8.18767366701251
JUMBO BAG PINK POLKADOT,JUMBO BAG RED RETROSPOT,0.019829473065237985,0.620020429009193,8.10394763125551
JUMBO BAG RED RETROSPOT,JUMBO BAG PINK POLKADOT,0.019829473065237985,0.25918018787361224,8.10394763125551
PACK OF 72 SKULL CAKE CASES,60 TEATIME FAIRY CAKE CASES,0.014014569925843651,0.41329479768786126,8.017342872004512
60 TEATIME FAIRY CAKE CASES,PACK OF 72 SKULL CAKE CASES,0.014014569925843651,0.2718631178707224,8.017342872004512
HAND OVER THE CHOCOLATE   SIGN ,PLEASE ONE PERSON METAL SIGN,0.014210577896834472,0.3452380952380953,7.987969261778786
PLEASE ONE PERSON METAL SIGN,HAND OVER THE CHOCOLATE   SIGN ,0.014210577896834472,0.32879818594104304,7.987969261778785
WOOD 2 DRAWER CABINET WHITE FINISH,WOODEN FRAME ANTIQUE WHITE ,0.014700597824311523,0.4411764705882353,7.916091993655609
WOODEN FRAME ANTIQUE WHITE ,WOOD 2 DRAWER CABINET WHITE FINISH,0.014700597824311523,0.2637749120750293,7.916091993655609
JUMBO BAG PINK VINTAGE PAISLEY,JUMBO BAG STRAWBERRY,0.013557217993531738,0.37119856887298747,7.896288666970826
JUMBO BAG STRAWBERRY,JUMBO BAG PINK VINTAGE PAISLEY,0.013557217993531738,0.2883947185545518,7.896288666970827
PACK OF 72 RETRO SPOT CAKE CASES,PACK OF 60 PINK PAISLEY CAKE CASES,0.011662474273953807,0.36024217961654886,7.893610136179081
PACK OF 60 PINK PAISLEY CAKE CASES,PACK OF 72 RETRO SPOT CAKE CASES,0.011662474273953807,0.2555476020042949,7.893610136179082
LUNCH BAG PINK POLKADOT,LUNCH BAG WOODLAND,0.011107118356146483,0.33864541832669326,7.829512764651366
LUNCH BAG WOODLAND,LUNCH BAG PINK POLKADOT,0.011107118356146483,0.256797583081571,7.829512764651366
JUMBO BAG PINK VINTAGE PAISLEY,JUMBO SHOPPER VINTAGE RED PAISLEY,0.014700597824311523,0.40250447227191416,7.744226524648376
JUMBO SHOPPER VINTAGE RED PAISLEY,JUMBO BAG PINK VINTAGE PAISLEY,0.014700597824311523,0.28284098051539913,7.744226524648374
LUNCH BAG SUKI  DESIGN ,LUNCH BAG WOODLAND,0.010519094443174023,0.33161688980432547,7.667012548187468
LUNCH BAG WOODLAND,LUNCH BAG SUKI  DESIGN ,0.010519094443174023,0.24320241691842903,7.667012548187468
SCOTTIE DOG HOT WATER BOTTLE,CHOCOLATE HOT WATER BOTTLE,0.015353957727614257,0.3433162892622352,7.659806800733441
CHOCOLATE HOT WATER BOTTLE,SCOTTIE DOG HOT WATER BOTTLE,0.015353957727614257,0.3425655976676385,7.659806800733442
NO SINGING METAL SIGN,PLEASE ONE PERSON METAL SIGN,0.010094410506027244,0.3301282051282051,7.638363180029846
PLEASE ONE PERSON METAL SIGN,NO SINGING METAL SIGN,0.010094410506027244,0.2335600907029478,7.638363180029845
LUNCH BAG SUKI DESIGN ,LUNCH BAG  BLACK SKULL.,0.012805854104733592,0.4705882352941176,7.609707591435939
LUNCH BAG  BLACK SKULL.,LUNCH BAG SUKI DESIGN ,0.012805854104733592,0.20707871104067616,7.6097075914359396
LUNCH BAG WOODLAND,LUNCH BAG  BLACK SKULL.,0.020352160987880175,0.47054380664652573,7.608989152275118
LUNCH BAG  BLACK SKULL.,LUNCH BAG WOODLAND,0.020352160987880175,0.3291072371896461,7.608989152275118
LUNCH BAG SUKI DESIGN ,LUNCH BAG SPACEBOY DESIGN ,0.011270458331972167,0.4141656662665066,7.578018655160809
LUNCH BAG SPACEBOY DESIGN ,LUNCH BAG SUKI DESIGN ,0.011270458331972167,0.20621637776449495,7.578018655160809
WOOD S/3 CABINET ANT WHITE FINISH,WOODEN FRAME ANTIQUE WHITE ,0.01332854202737578,0.4210526315789474,7.5550070956993896
WOODEN FRAME ANTIQUE WHITE ,WOOD S/3 CABINET ANT WHITE FINISH,0.01332854202737578,0.23915592028135987,7.555007095699389
WOOD S/3 CABINET ANT WHITE FINISH,WOODEN PICTURE FRAME WHITE FINISH,0.012446506157917089,0.39318885448916413,7.54129324860138
WOODEN PICTURE FRAME WHITE FINISH,WOOD S/3 CABINET ANT WHITE FINISH,0.012446506157917089,0.2387218045112782,7.54129324860138
PACK OF 72 RETROSPOT CAKE CASES,PACK OF 60 PINK PAISLEY CAKE CASES,0.012446506157917089,0.34293429342934295,7.514360526961787
PACK OF 60 PINK PAISLEY CAKE CASES,PACK OF 72 RETROSPOT CAKE CASES,0.012446506157917089,0.2727272727272727,7.514360526961786
JUMBO  BAG BAROQUE BLACK WHITE,JUMBO BAG STRAWBERRY,0.016007317630916992,0.3527717782577394,7.504306396280515
JUMBO BAG STRAWBERRY,JUMBO  BAG BAROQUE BLACK WHITE,0.016007317630916992,0.3405142460041696,7.504306396280515
LUNCH BAG WOODLAND,LUNCH BAG RED RETROSPOT,0.014079905916173925,0.32552870090634445,7.486670971783704
LUNCH BAG RED RETROSPOT,LUNCH BAG WOODLAND,0.014079905916173925,0.32381667918858004,7.486670971783704
LUNCH BAG SUKI  DESIGN ,LUNCH BAG CARS BLUE,0.012577178138577635,0.3964984552008239,7.473654071522426
LUNCH BAG CARS BLUE,LUNCH BAG SUKI  DESIGN ,0.012577178138577635,0.23706896551724135,7.473654071522425
JUMBO STORAGE BAG SKULLS,JUMBO  BAG BAROQUE BLACK WHITE,0.010584430433504296,0.33855799373040757,7.461194201642553
JUMBO  BAG BAROQUE BLACK WHITE,JUMBO STORAGE BAG SKULLS,0.010584430433504296,0.23326133909287258,7.461194201642553
LUNCH BAG DOLLY GIRL DESIGN,LUNCH BAG  BLACK SKULL.,0.011401130312632714,0.4568062827225131,7.386844754579423
LUNCH BAG  BLACK SKULL.,LUNCH BAG DOLLY GIRL DESIGN,0.011401130312632714,0.1843634442683571,7.386844754579424
JUMBO BAG PINK POLKADOT,JUMBO BAG STRAWBERRY,0.011074450360981347,0.34627170582226763,7.366034181324137
JUMBO BAG STRAWBERRY,JUMBO BAG PINK POLKADOT,0.011074450360981347,0.2355802640722724,7.366034181324137
PACK OF 72 SKULL CAKE CASES,PACK OF 60 PINK PAISLEY CAKE CASES,0.011270458331972167,0.33236994219653176,7.282874946727297
PACK OF 60 PINK PAISLEY CAKE CASES,PACK OF 72 SKULL CAKE CASES,0.011270458331972167,0.24695776664280603,7.282874946727297
LUNCH BAG CARS BLUE,LUNCH BAG SPACEBOY DESIGN ,0.02107085688151318,0.39716748768472904,7.267001772574561
LUNCH BAG SPACEBOY DESIGN ,LUNCH BAG CARS BLUE,0.02107085688151318,0.3855349671249253,7.267001772574561
JUMBO BAG SPACEBOY DESIGN,JUMBO SHOPPER VINTAGE RED PAISLEY,0.010453758452843749,0.37383177570093457,7.192560959133443
JUMBO SHOPPER VINTAGE RED PAISLEY,JUMBO BAG SPACEBOY DESIGN,0.010453758452843749,0.2011313639220616,7.192560959133443
LUNCH BAG PINK POLKADOT,LUNCH BAG SPACEBOY DESIGN ,0.012871190095063866,0.3924302788844622,7.180324726199804
LUNCH BAG SPACEBOY DESIGN ,LUNCH BAG PINK POLKADOT,0.012871190095063866,0.23550508069336523,7.180324726199805
JUMBO BAG STRAWBERRY,JUMBO STORAGE BAG SUKI,0.017542713403678415,0.37317581653926335,7.117311476687471
JUMBO STORAGE BAG SUKI,JUMBO BAG STRAWBERRY,0.017542713403678415,0.3345794392523364,7.11731147668747
JUMBO BAG PINK POLKADOT,JUMBO  BAG BAROQUE BLACK WHITE,0.010257750481852929,0.3207354443309499,7.068418060773728
JUMBO  BAG BAROQUE BLACK WHITE,JUMBO BAG PINK POLKADOT,0.010257750481852929,0.22606191504679626,7.068418060773729
LUNCH BAG SPACEBOY DESIGN ,LUNCH BAG  BLACK SKULL.,0.02378230048021953,0.4351464435146444,7.036591538524447
LUNCH BAG  BLACK SKULL.,LUNCH BAG SPACEBOY DESIGN ,0.02378230048021953,0.38457474907554146,7.036591538524447
LUNCH BAG CARS BLUE,LUNCH BAG  BLACK SKULL.,0.022998268596256248,0.4334975369458128,7.009927682751333
LUNCH BAG  BLACK SKULL.,LUNCH BAG CARS BLUE,0.022998268596256248,0.3718964606444796,7.009927682751333
JUMBO  BAG BAROQUE BLACK WHITE,JUMBO STORAGE BAG SUKI,0.01662800953905459,0.3664506839452844,6.989047904205047
JUMBO STORAGE BAG SUKI,JUMBO  BAG BAROQUE BLACK WHITE,0.01662800953905459,0.3171339563862928,6.989047904205047
LUNCH BAG RED RETROSPOT,LUNCH BAG  BLACK SKULL.,0.018522753258632518,0.4259954921111946,6.888614901751599
LUNCH BAG  BLACK SKULL.,LUNCH BAG RED RETROSPOT,0.018522753258632518,0.29952456418383516,6.888614901751599
JUMBO BAG PINK VINTAGE PAISLEY,JUMBO  BAG BAROQUE BLACK WHITE,0.011368462317467578,0.3112701252236136,6.8598198727286075
JUMBO  BAG BAROQUE BLACK WHITE,JUMBO BAG PINK VINTAGE PAISLEY,0.011368462317467578,0.25053995680345575,6.859819872728608
JUMBO BAG PINK VINTAGE PAISLEY,JUMBO STORAGE BAG SUKI,0.013067198066054686,0.35778175313059035,6.823711679177882
JUMBO STORAGE BAG SUKI,JUMBO BAG PINK VINTAGE PAISLEY,0.013067198066054686,0.24922118380062305,6.823711679177882
LUNCH BAG RED RETROSPOT,LUNCH BAG CARS BLUE,0.015647969684100486,0.35987978963185574,6.783423793362522
LUNCH BAG CARS BLUE,LUNCH BAG RED RETROSPOT,0.015647969684100486,0.2949507389162561,6.783423793362521
LUNCH BAG SUKI  DESIGN ,LUNCH BAG  BLACK SKULL.,0.013165202051550097,0.4150360453141092,6.711393757585946
LUNCH BAG  BLACK SKULL.,LUNCH BAG SUKI  DESIGN ,0.013165202051550097,0.21288959323824616,6.711393757585946
PACK OF 72 RETROSPOT CAKE CASES,60 TEATIME FAIRY CAKE CASES,0.012544510143412499,0.34563456345634563,6.70482865777072
60 TEATIME FAIRY CAKE CASES,PACK OF 72 RETROSPOT CAKE CASES,0.012544510143412499,0.24334600760456274,6.70482865777072
LUNCH BAG RED SPOTTY,LUNCH BAG  BLACK SKULL.,0.012805854104733592,0.4143763213530655,6.700725606412408
LUNCH BAG  BLACK SKULL.,LUNCH BAG RED SPOTTY,0.012805854104733592,0.20707871104067616,6.700725606412408
"ROSES REGENCY TEACUP AND SAUCER , PINK REGENCY TEACUP AND SAUCER",REGENCY CAKESTAND 3 TIER,0.010061742510862108,0.5968992248062015,6.661203853642958
REGENCY CAKESTAND 3 TIER,"ROSES REGENCY TEACUP AND SAUCER , PINK REGENCY TEACUP AND SAUCER",0.010061742510862108,0.11228581844695588,6.661203853642958
LUNCH BAG RED SPOTTY,LUNCH BAG CARS BLUE,0.010813106399660252,0.34989429175475684,6.595205766567033
LUNCH BAG CARS BLUE,LUNCH BAG RED SPOTTY,0.010813106399660252,0.20381773399014777,6.595205766567033
LUNCH BAG RED RETROSPOT,LUNCH BAG SPACEBOY DESIGN ,0.015647969684100486,0.35987978963185574,6.584746109038097
LUNCH BAG SPACEBOY DESIGN ,LUNCH BAG RED RETROSPOT,0.015647969684100486,0.28631201434548714,6.584746109038097
"GREEN REGENCY TEACUP AND SAUCER, PINK REGENCY TEACUP AND SAUCER",REGENCY CAKESTAND 3 TIER,0.010290418477018065,0.5833333333333334,6.509812856969255
REGENCY CAKESTAND 3 TIER,"GREEN REGENCY TEACUP AND SAUCER, PINK REGENCY TEACUP AND SAUCER",0.010290418477018065,0.11483776886620488,6.509812856969255
HOT WATER BOTTLE TEA AND SYMPATHY,SCOTTIE DOG HOT WATER BOTTLE,0.011499134298128124,0.2906688687035508,6.499389875737322
SCOTTIE DOG HOT WATER BOTTLE,HOT WATER BOTTLE TEA AND SYMPATHY,0.011499134298128124,0.25712198685171656,6.499389875737321
JUMBO BAG PINK POLKADOT,JUMBO STORAGE BAG SUKI,0.010813106399660252,0.33810010214504593,6.448337835988786
JUMBO STORAGE BAG SUKI,JUMBO BAG PINK POLKADOT,0.010813106399660252,0.20623052959501556,6.448337835988785
JUMBO SHOPPER VINTAGE RED PAISLEY,JUMBO STORAGE BAG SUKI,0.017379373427852732,0.3343808925204274,6.377404050431653
JUMBO STORAGE BAG SUKI,JUMBO SHOPPER VINTAGE RED PAISLEY,0.017379373427852732,0.3314641744548287,6.377404050431654
SPOTTY BUNTING,PARTY BUNTING,0.01162980627878867,0.3938053097345133,6.327965530857316
PARTY BUNTING,SPOTTY BUNTING,0.01162980627878867,0.1868766404199475,6.327965530857315
JUMBO  BAG BAROQUE BLACK WHITE,JUMBO SHOPPER VINTAGE RED PAISLEY,0.014863937800137205,0.3275737940964723,6.302552741098124
JUMBO SHOPPER VINTAGE RED PAISLEY,JUMBO  BAG BAROQUE BLACK WHITE,0.014863937800137205,0.28598365807668136,6.302552741098124
"ROSES REGENCY TEACUP AND SAUCER , GREEN REGENCY TEACUP AND SAUCER",REGENCY CAKESTAND 3 TIER,0.011989154225605175,0.5620214395099541,6.2719789591101724
REGENCY CAKESTAND 3 TIER,"ROSES REGENCY TEACUP AND SAUCER , GREEN REGENCY TEACUP AND SAUCER",0.011989154225605175,0.13379511483776887,6.271978959110173
JUMBO BAG STRAWBERRY,JUMBO BAG RED RETROSPOT,0.022442912678448924,0.4774148714384989,6.240028449873565
JUMBO BAG RED RETROSPOT,JUMBO BAG STRAWBERRY,0.022442912678448924,0.2933390264730999,6.240028449873566
PINK REGENCY TEACUP AND SAUCER,REGENCY CAKESTAND 3 TIER,0.011695142269118945,0.553323029366306,6.174907492501637
REGENCY CAKESTAND 3 TIER,PINK REGENCY TEACUP AND SAUCER,0.011695142269118945,0.13051403572730585,6.174907492501637
LUNCH BAG SUKI  DESIGN ,JUMBO STORAGE BAG SUKI,0.010127078501192382,0.3192584963954686,6.088985565832829
JUMBO STORAGE BAG SUKI,LUNCH BAG SUKI  DESIGN ,0.010127078501192382,0.1931464174454829,6.088985565832829
GREEN REGENCY TEACUP AND SAUCER,REGENCY CAKESTAND 3 TIER,0.014373917872660154,0.5365853658536585,5.988120537421195
REGENCY CAKESTAND 3 TIER,GREEN REGENCY TEACUP AND SAUCER,0.014373917872660154,0.1604083120670798,5.988120537421195
JUMBO BAG VINTAGE LEAF,JUMBO BAG RED RETROSPOT,0.010421090457678613,0.4524822695035461,5.9141480579731205
JUMBO BAG RED RETROSPOT,JUMBO BAG VINTAGE LEAF,0.010421090457678613,0.13620836891545687,5.9141480579731205
ROSES REGENCY TEACUP AND SAUCER ,REGENCY CAKESTAND 3 TIER,0.015680637679265624,0.5263157894736843,5.873515359671509
REGENCY CAKESTAND 3 TIER,ROSES REGENCY TEACUP AND SAUCER ,0.015680637679265624,0.17499088589135983,5.873515359671509
JUMBO BAG SPACEBOY DESIGN,JUMBO BAG RED RETROSPOT,0.012413838162751952,0.4439252336448598,5.802303726346201
JUMBO BAG RED RETROSPOT,JUMBO BAG SPACEBOY DESIGN,0.012413838162751952,0.16225448334756618,5.802303726346201
JUMBO STORAGE BAG SKULLS,LUNCH BAG  BLACK SKULL.,0.011107118356146483,0.355276907001045,5.745050924568932
LUNCH BAG  BLACK SKULL.,JUMBO STORAGE BAG SKULLS,0.011107118356146483,0.17960908610670892,5.745050924568932
JUMBO  BAG BAROQUE BLACK WHITE,JUMBO BAG RED RETROSPOT,0.019633465094247165,0.4326853851691865,5.6553938195618985
JUMBO BAG RED RETROSPOT,JUMBO  BAG BAROQUE BLACK WHITE,0.019633465094247165,0.2566182749786507,5.6553938195618985
JUMBO BAG STRAWBERRY,JUMBO SHOPPER VINTAGE RED PAISLEY,0.013785893959687694,0.29325920778318276,5.642336649560659
JUMBO SHOPPER VINTAGE RED PAISLEY,JUMBO BAG STRAWBERRY,0.013785893959687694,0.2652419861722188,5.642336649560659
JUMBO STORAGE BAG SUKI,JUMBO BAG RED RETROSPOT,0.02247558067361406,0.4286604361370716,5.6027859140016645
JUMBO BAG RED RETROSPOT,JUMBO STORAGE BAG SUKI,0.02247558067361406,0.2937660119555935,5.602785914001665
JUMBO BAG PINK VINTAGE PAISLEY,JUMBO BAG RED RETROSPOT,0.01551729770343994,0.424865831842576,5.553188718417204
JUMBO BAG RED RETROSPOT,JUMBO BAG PINK VINTAGE PAISLEY,0.01551729770343994,0.2028181041844577,5.553188718417204
JUMBO STORAGE BAG SKULLS,JUMBO BAG RED RETROSPOT,0.01303453007088955,0.41692789968652044,5.449436352392859
JUMBO BAG RED RETROSPOT,JUMBO STORAGE BAG SKULLS,0.01303453007088955,0.1703672075149445,5.449436352392859
JUMBO BAG OWLS,JUMBO BAG RED RETROSPOT,0.010976446375485937,0.4028776978417266,5.265793855095257
JUMBO BAG RED RETROSPOT,JUMBO BAG OWLS,0.010976446375485937,0.14346712211784798,5.265793855095257
JUMBO SHOPPER VINTAGE RED PAISLEY,JUMBO BAG RED RETROSPOT,0.020450164973375585,0.393463230672533,5.142742508162642
JUMBO BAG RED RETROSPOT,JUMBO SHOPPER VINTAGE RED PAISLEY,0.020450164973375585,0.2672929120409906,5.142742508162642
CANDLEHOLDER PINK HANGING HEART,WHITE HANGING HEART T-LIGHT HOLDER,0.01172781026428408,0.7356557377049181,4.86374898204865
WHITE HANGING HEART T-LIGHT HOLDER,CANDLEHOLDER PINK HANGING HEART,0.01172781026428408,0.07753779697624191,4.863748982048651
RED HANGING HEART T-LIGHT HOLDER,WHITE HANGING HEART T-LIGHT HOLDER,0.03560811472999902,0.7082521117608838,4.682571359203545
WHITE HANGING HEART T-LIGHT HOLDER,RED HANGING HEART T-LIGHT HOLDER,0.03560811472999902,0.23542116630669552,4.682571359203545
LUNCH BAG RED RETROSPOT,JUMBO BAG RED RETROSPOT,0.014798601809806931,0.3403456048084147,4.448471096836201
JUMBO BAG RED RETROSPOT,LUNCH BAG RED RETROSPOT,0.014798601809806931,0.1934244235695986,4.448471096836201
JUMBO STORAGE BAG SUKI,LUNCH BAG CARS BLUE,0.01104178236581621,0.2105919003115265,3.9694757761306265
LUNCH BAG CARS BLUE,JUMBO STORAGE BAG SUKI,0.01104178236581621,0.20812807881773399,3.969475776130626
JUMBO STORAGE BAG SUKI,LUNCH BAG  BLACK SKULL.,0.011923818235274901,0.22741433021806853,3.6774326795062313
LUNCH BAG  BLACK SKULL.,JUMBO STORAGE BAG SUKI,0.011923818235274901,0.19281563655573164,3.6774326795062313
JUMBO STORAGE BAG SUKI,LUNCH BAG SPACEBOY DESIGN ,0.010323086472183203,0.19688473520249222,3.6024140043535504
LUNCH BAG SPACEBOY DESIGN ,JUMBO STORAGE BAG SUKI,0.010323086472183203,0.18888224745965335,3.6024140043535504
LUNCH BAG CARS BLUE,JUMBO BAG RED RETROSPOT,0.012087158211100586,0.22783251231527094,2.9778740540063016
JUMBO BAG RED RETROSPOT,LUNCH BAG CARS BLUE,0.012087158211100586,0.15798462852263023,2.9778740540063016
HEART IVORY TRELLIS LARGE,WHITE HANGING HEART T-LIGHT HOLDER,0.010355754467348339,0.4452247191011236,2.943579670929697
WHITE HANGING HEART T-LIGHT HOLDER,HEART IVORY TRELLIS LARGE,0.010355754467348339,0.06846652267818575,2.9435796709296964
CREAM HEART CARD HOLDER,WHITE HANGING HEART T-LIGHT HOLDER,0.015484629708274803,0.44052044609665425,2.9124776188908608
WHITE HANGING HEART T-LIGHT HOLDER,CREAM HEART CARD HOLDER,0.015484629708274803,0.10237580993520519,2.9124776188908608
"WOODEN PICTURE FRAME WHITE FINISH, WOODEN FRAME ANTIQUE WHITE ",WHITE HANGING HEART T-LIGHT HOLDER,0.01381856195485283,0.4383419689119171,2.8980747322597615
WHITE HANGING HEART T-LIGHT HOLDER,"WOODEN PICTURE FRAME WHITE FINISH, WOODEN FRAME ANTIQUE WHITE ",0.01381856195485283,0.09136069114470843,2.8980747322597615
LUNCH BAG  BLACK SKULL.,JUMBO BAG RED RETROSPOT,0.013197870046715233,0.21341785525620707,2.7894679621040797
JUMBO BAG RED RETROSPOT,LUNCH BAG  BLACK SKULL.,0.013197870046715233,0.17250213492741245,2.789467962104079
WOODEN PICTURE FRAME WHITE FINISH,WHITE HANGING HEART T-LIGHT HOLDER,0.021332200842834274,0.4091478696741854,2.705059489977644
WHITE HANGING HEART T-LIGHT HOLDER,WOODEN PICTURE FRAME WHITE FINISH,0.021332200842834274,0.141036717062635,2.7050594899776437
WOOD 2 DRAWER CABINET WHITE FINISH,WHITE HANGING HEART T-LIGHT HOLDER,0.01332854202737578,0.39999999999999997,2.6445788336933047
WHITE HANGING HEART T-LIGHT HOLDER,WOOD 2 DRAWER CABINET WHITE FINISH,0.01332854202737578,0.08812095032397409,2.6445788336933043
ZINC METAL HEART DECORATION,WHITE HANGING HEART T-LIGHT HOLDER,0.015451961713109667,0.39681208053691275,2.623502072854306
WHITE HANGING HEART T-LIGHT HOLDER,ZINC METAL HEART DECORATION,0.015451961713109667,0.10215982721382291,2.6235020728543064
"HEART OF WICKER SMALL, HEART OF WICKER LARGE",WHITE HANGING HEART T-LIGHT HOLDER,0.0109437783803208,0.3922716627634661,2.5934833410048515
WHITE HANGING HEART T-LIGHT HOLDER,"HEART OF WICKER SMALL, HEART OF WICKER LARGE",0.0109437783803208,0.07235421166306696,2.593483341004851
WOOD S/3 CABINET ANT WHITE FINISH,WHITE HANGING HEART T-LIGHT HOLDER,0.012413838162751952,0.3921568627450981,2.5927243467581422
WHITE HANGING HEART T-LIGHT HOLDER,WOOD S/3 CABINET ANT WHITE FINISH,0.012413838162751952,0.08207343412526999,2.5927243467581422
WOODEN FRAME ANTIQUE WHITE ,WHITE HANGING HEART T-LIGHT HOLDER,0.021332200842834274,0.3827667057444314,2.530641820635592
WHITE HANGING HEART T-LIGHT HOLDER,WOODEN FRAME ANTIQUE WHITE ,0.021332200842834274,0.141036717062635,2.5306418206355916
HEART OF WICKER LARGE,WHITE HANGING HEART T-LIGHT HOLDER,0.020940184900852636,0.3739789964994166,2.4725423459705493
WHITE HANGING HEART T-LIGHT HOLDER,HEART OF WICKER LARGE,0.020940184900852636,0.13844492440604753,2.472542345970549
LOVE BUILDING BLOCK WORD,WHITE HANGING HEART T-LIGHT HOLDER,0.017183365456861912,0.36629526462395545,2.4217417592665016
WHITE HANGING HEART T-LIGHT HOLDER,LOVE BUILDING BLOCK WORD,0.017183365456861912,0.11360691144708424,2.421741759266501
HOME BUILDING BLOCK WORD,ASSORTED COLOUR BIRD ORNAMENT,0.01123779033680703,0.19545454545454546,2.406701162875741
ASSORTED COLOUR BIRD ORNAMENT,HOME BUILDING BLOCK WORD,0.01123779033680703,0.13837489943684633,2.4067011628757404
HANGING HEART ZINC T-LIGHT HOLDER,WHITE HANGING HEART T-LIGHT HOLDER,0.01153180229329326,0.3299065420560748,2.1811596455461135
WHITE HANGING HEART T-LIGHT HOLDER,HANGING HEART ZINC T-LIGHT HOLDER,0.01153180229329326,0.07624190064794817,2.1811596455461135
HOME BUILDING BLOCK WORD,WHITE HANGING HEART T-LIGHT HOLDER,0.01881676521511875,0.32727272727272727,2.16374631847634
WHITE HANGING HEART T-LIGHT HOLDER,HOME BUILDING BLOCK WORD,0.01881676521511875,0.12440604751619871,2.1637463184763406
WOOD BLACK BOARD ANT WHITE FINISH,WHITE HANGING HEART T-LIGHT HOLDER,0.01055176243833916,0.32725430597771027,2.1636245270591123
WHITE HANGING HEART T-LIGHT HOLDER,WOOD BLACK BOARD ANT WHITE FINISH,0.01055176243833916,0.06976241900647949,2.1636245270591123
HEART OF WICKER SMALL,WHITE HANGING HEART T-LIGHT HOLDER,0.017967397340825194,0.31995346131471786,2.115355378899531
WHITE HANGING HEART T-LIGHT HOLDER,HEART OF WICKER SMALL,0.017967397340825194,0.1187904967602592,2.1153553788995314
HAND OVER THE CHOCOLATE   SIGN ,WHITE HANGING HEART T-LIGHT HOLDER,0.012511842148247363,0.303968253968254,2.0096700263978886
WHITE HANGING HEART T-LIGHT HOLDER,HAND OVER THE CHOCOLATE   SIGN ,0.012511842148247363,0.08272138228941686,2.0096700263978886
NATURAL SLATE HEART CHALKBOARD ,WHITE HANGING HEART T-LIGHT HOLDER,0.015419293717944529,0.30179028132992325,1.995270475548657
WHITE HANGING HEART T-LIGHT HOLDER,NATURAL SLATE HEART CHALKBOARD ,0.015419293717944529,0.10194384449244061,1.995270475548657
COOK WITH WINE METAL SIGN ,WHITE HANGING HEART T-LIGHT HOLDER,0.010780438404495116,0.2897278314310799,1.9155202263362392
WHITE HANGING HEART T-LIGHT HOLDER,COOK WITH WINE METAL SIGN ,0.010780438404495116,0.07127429805615551,1.9155202263362392
PLEASE ONE PERSON METAL SIGN,WHITE HANGING HEART T-LIGHT HOLDER,0.012446506157917089,0.2879818594104308,1.903976824711166
WHITE HANGING HEART T-LIGHT HOLDER,PLEASE ONE PERSON METAL SIGN,0.012446506157917089,0.08228941684665228,1.9039768247111661
GIN + TONIC DIET METAL SIGN,WHITE HANGING HEART T-LIGHT HOLDER,0.012446506157917089,0.28625093914350114,1.8925329369593336
WHITE HANGING HEART T-LIGHT HOLDER,GIN + TONIC DIET METAL SIGN,0.012446506157917089,0.08228941684665228,1.8925329369593336
STRAWBERRY CERAMIC TRINKET BOX,WHITE HANGING HEART T-LIGHT HOLDER,0.014471921858155564,0.2696287279367011,1.782636067142626
WHITE HANGING HEART T-LIGHT HOLDER,STRAWBERRY CERAMIC TRINKET BOX,0.014471921858155564,0.09568034557235422,1.7826360671426262
VICTORIAN GLASS HANGING T-LIGHT,WHITE HANGING HEART T-LIGHT HOLDER,0.01162980627878867,0.26004382761139516,1.7192660058342155
WHITE HANGING HEART T-LIGHT HOLDER,VICTORIAN GLASS HANGING T-LIGHT,0.01162980627878867,0.07688984881209504,1.7192660058342155
ASSORTED COLOUR BIRD ORNAMENT,WHITE HANGING HEART T-LIGHT HOLDER,0.020254157002384764,0.24939662107803703,1.6488725632440155
WHITE HANGING HEART T-LIGHT HOLDER,ASSORTED COLOUR BIRD ORNAMENT,0.020254157002384764,0.13390928725701945,1.6488725632440155
ASSORTED COLOUR BIRD ORNAMENT,REGENCY CAKESTAND 3 TIER,0.011891150240109765,0.14641995172968625,1.6339996873486786
REGENCY CAKESTAND 3 TIER,ASSORTED COLOUR BIRD ORNAMENT,0.011891150240109765,0.13270142180094788,1.6339996873486788
60 TEATIME FAIRY CAKE CASES,WHITE HANGING HEART T-LIGHT HOLDER,0.012479174153082225,0.24207858048162229,1.6004897250805488
WHITE HANGING HEART T-LIGHT HOLDER,60 TEATIME FAIRY CAKE CASES,0.012479174153082225,0.08250539956803456,1.6004897250805485
REX CASH+CARRY JUMBO SHOPPER,WHITE HANGING HEART T-LIGHT HOLDER,0.01381856195485283,0.23267326732673269,1.538306994846353
WHITE HANGING HEART T-LIGHT HOLDER,REX CASH+CARRY JUMBO SHOPPER,0.01381856195485283,0.09136069114470843,1.538306994846353
SCOTTIE DOG HOT WATER BOTTLE,WHITE HANGING HEART T-LIGHT HOLDER,0.010355754467348339,0.23155588020452883,1.5309194490152986
WHITE HANGING HEART T-LIGHT HOLDER,SCOTTIE DOG HOT WATER BOTTLE,0.010355754467348339,0.06846652267818575,1.5309194490152986
LUNCH BAG CARS BLUE,WHITE HANGING HEART T-LIGHT HOLDER,0.012021822220770311,0.22660098522167488,1.4981604230282268
WHITE HANGING HEART T-LIGHT HOLDER,LUNCH BAG CARS BLUE,0.012021822220770311,0.07948164146868252,1.4981604230282268
PARTY BUNTING,WHITE HANGING HEART T-LIGHT HOLDER,0.013851229950017967,0.22257217847769029,1.4715241804277706
WHITE HANGING HEART T-LIGHT HOLDER,PARTY BUNTING,0.013851229950017967,0.09157667386609071,1.4715241804277706
LUNCH BAG  BLACK SKULL.,WHITE HANGING HEART T-LIGHT HOLDER,0.01303453007088955,0.21077654516640254,1.3935379749651726
WHITE HANGING HEART T-LIGHT HOLDER,LUNCH BAG  BLACK SKULL.,0.01303453007088955,0.08617710583153348,1.3935379749651724
LUNCH BAG SPACEBOY DESIGN ,WHITE HANGING HEART T-LIGHT HOLDER,0.011205122341641893,0.20502092050209206,1.355484967060376
WHITE HANGING HEART T-LIGHT HOLDER,LUNCH BAG SPACEBOY DESIGN ,0.011205122341641893,0.07408207343412528,1.355484967060376
JUMBO STORAGE BAG SUKI,WHITE HANGING HEART T-LIGHT HOLDER,0.010519094443174023,0.20062305295950159,1.326408698519072
WHITE HANGING HEART T-LIGHT HOLDER,JUMBO STORAGE BAG SUKI,0.010519094443174023,0.0695464362850972,1.326408698519072
JUMBO BAG RED RETROSPOT,WHITE HANGING HEART T-LIGHT HOLDER,0.01372055796935742,0.17933390264730997,1.1856566077617292
WHITE HANGING HEART T-LIGHT HOLDER,JUMBO BAG RED RETROSPOT,0.01372055796935742,0.09071274298056156,1.1856566077617292
REGENCY CAKESTAND 3 TIER,WHITE HANGING HEART T-LIGHT HOLDER,0.014863937800137205,0.16587677725118483,1.096685535299356
WHITE HANGING HEART T-LIGHT HOLDER,REGENCY CAKESTAND 3 TIER,0.014863937800137205,0.0982721382289417,1.0966855352993563
